City_ID,City,Lat,Lon,Max Temp,Humidity,Cloudiness,Wind Speed,Country,Date
0,port-aux-francais,-49.35,70.2167,279.02,88,100,6.48,TF,1712890947
1,fale old settlement,-9.3852,-171.2468,303.29,70,56,3.64,TK,1712890948
2,kasongo-lunda,-6.4667,16.8167,295.35,98,100,0.26,CD,1712890938
3,ta`u,-14.2336,-169.5144,302.24,76,51,4.86,AS,1712890948
4,adamstown,-25.066,-130.1015,294.98,55,29,6.78,PN,1712890948
5,talnakh,69.4865,88.3972,248.82,97,94,4.62,RU,1712890808
6,stanley,54.868,-1.6985,284.66,86,75,5.66,GB,1712890941
7,luganville,-15.5333,167.1667,302.85,72,31,3.78,VU,1712890696
8,punta arenas,-53.15,-70.9167,281.21,76,40,10.29,CL,1712890874
9,klaksvik,62.2266,-6.589,281.66,90,65,12.22,FO,1712890948
10,enewetak,11.3474,162.3373,299.99,80,80,8.92,MH,1712890657
11,iqaluit,63.7506,-68.5145,267.0,85,75,5.66,CA,1712890876
12,grytviken,-54.2811,-36.5092,271.52,68,7,4.46,GS,1712890949
13,terenos,-20.4422,-54.8603,296.99,100,40,2.57,BR,1712890949
14,bilibino,68.0546,166.4372,265.91,72,85,1.94,RU,1712890949
15,raton,36.9034,-104.4391,283.34,36,92,0.67,US,1712890800
16,mount gambier,-37.8333,140.7667,288.79,50,100,2.93,AU,1712890949
17,vallenar,-28.5708,-70.7581,291.26,66,100,0.82,CL,1712890804
18,albany,42.6001,-73.9662,289.0,81,100,4.02,US,1712890802
19,isafjordur,66.0755,-23.124,269.34,93,100,12.66,IS,1712890949
20,puerto ayora,-0.7393,-90.3518,299.01,96,77,1.34,EC,1712890723
21,hengchun,22.0042,120.7439,300.12,76,22,2.87,TW,1712890934
22,reggane,26.7158,0.1714,294.57,25,0,4.1,DZ,1712890842
23,new norfolk,-42.7826,147.0587,291.87,83,100,1.24,AU,1712890950
24,olonkinbyen,70.9221,-8.7187,265.82,89,100,8.0,SJ,1712890950
25,coahuayana de hidalgo,18.7,-103.6583,294.1,89,9,1.0,MX,1712890787
26,brookings,44.3114,-96.7984,279.31,80,20,5.66,US,1712890950
27,happy valley-goose bay,53.3168,-60.3315,281.32,46,75,7.72,CA,1712890950
28,truth or consequences,33.1284,-107.2528,293.28,11,0,4.12,US,1712890860
29,ushuaia,-54.8,-68.3,280.96,66,0,6.69,AR,1712890664
30,atafu village,-8.5421,-172.5159,302.99,73,96,3.77,TK,1712890696
31,bethel,41.3712,-73.414,289.94,89,100,2.24,US,1712890922
32,puerto natales,-51.7236,-72.4875,275.72,91,18,2.43,CL,1712890693
33,baiyin,36.5583,104.2081,288.79,28,89,0.88,CN,1712890951
34,chistyye bory,58.3647,41.6278,279.56,67,99,5.44,RU,1712890951
35,hermanus,-34.4187,19.2345,285.82,78,68,6.12,ZA,1712890690
36,waitangi,-43.9535,-176.5597,290.83,92,97,5.36,NZ,1712890951
37,west island,-12.1568,96.8225,302.14,74,100,3.6,CC,1712890951
38,margaret river,-33.95,115.0667,295.42,46,37,3.45,AU,1712890951
39,petropavlovsk-kamchatsky,53.0452,158.6483,280.48,27,0,3.0,RU,1712890951
40,fauske,67.2588,15.3918,277.17,91,100,3.1,NO,1712890951
41,deqen,29.9618,90.7188,276.32,35,78,1.25,CN,1712890951
42,mana,5.6592,-53.7767,298.59,91,96,3.86,GF,1712890952
43,brisas de zicatela,15.8369,-97.0419,300.04,81,55,3.1,MX,1712890691
44,coari,-4.085,-63.1414,297.69,97,100,0.62,BR,1712890823
45,queenstown,-31.8976,26.8753,276.42,88,0,0.83,ZA,1712890745
46,invercargill,-46.4,168.35,283.16,81,96,2.68,NZ,1712890693
47,fort wellington,6.4,-57.6,300.29,79,21,4.3,GY,1712890952
48,csongrad,46.7133,20.1424,284.9,84,32,1.56,HU,1712890952
49,blackmans bay,-43.0167,147.3167,291.22,76,93,3.32,AU,1712890952
50,lethbridge,49.7,-112.8186,287.42,26,75,3.6,CA,1712890953
51,yuzhno-kurilsk,44.0306,145.8556,277.8,76,100,4.76,RU,1712890953
52,lambarene,-0.7001,10.2406,297.79,96,99,0.3,GA,1712890953
53,ephrata,40.1798,-76.1788,292.01,84,100,8.23,US,1712890953
54,cockburn town,21.4612,-71.1419,298.46,82,9,9.83,TC,1712890737
55,yasnyy,51.0333,59.8742,279.82,75,98,6.23,RU,1712890953
56,tiksi,71.6872,128.8694,251.37,83,12,8.33,RU,1712890698
57,edinburgh of the seven seas,-37.0676,-12.3116,291.92,92,25,8.01,SH,1712890953
58,port mathurin,-19.6833,63.4167,299.98,75,31,4.94,MU,1712890954
59,thompson,55.7435,-97.8558,273.24,86,100,2.06,CA,1712890817
60,jamestown,42.097,-79.2353,288.72,100,100,3.6,US,1712890954
61,longyearbyen,78.2186,15.6401,256.06,71,40,1.54,SJ,1712890796
62,dudinka,69.4058,86.1778,249.08,97,46,4.92,RU,1712890954
63,constantia,44.1833,28.65,288.54,84,26,3.23,RO,1712890692
64,dampit,-8.2116,112.7493,303.22,61,22,2.53,ID,1712890954
65,udachny,66.4167,112.4,253.95,89,77,4.9,RU,1712890909
66,alice springs,-23.7,133.8833,297.71,24,2,5.66,AU,1712890867
67,port alfred,-33.5906,26.891,287.69,78,99,2.24,ZA,1712890955
68,katsuura,35.1333,140.3,288.48,84,100,6.78,JP,1712890760
69,susuman,62.7833,148.1667,268.34,79,49,1.88,RU,1712890695
70,papatowai,-46.5619,169.4708,282.7,65,92,2.03,NZ,1712890956
71,namibe,-15.1961,12.1522,295.25,76,46,2.49,AO,1712890867
72,anadyr,64.75,177.4833,265.43,72,0,7.0,RU,1712890956
73,sinabang,2.4803,96.3801,302.86,70,71,1.68,ID,1712890808
74,porto empedocle,37.2934,13.5264,286.49,78,70,4.18,IT,1712890956
75,sangin,32.0728,64.8359,289.15,80,100,2.97,AF,1712890956
76,tazovsky,67.4667,78.7,255.28,83,100,9.66,RU,1712890956
77,cucuta,7.8833,-72.5053,302.12,65,40,1.03,CO,1712890695
78,aasiaat,68.7098,-52.8699,265.04,97,100,2.88,GL,1712890956
79,vorgashor,67.5833,63.95,266.93,95,100,6.53,RU,1712890956
80,georgetown,5.4112,100.3354,305.34,64,20,3.09,MY,1712890728
81,yellowknife,62.456,-114.3525,276.44,56,20,6.17,CA,1712890957
82,hawaiian paradise park,19.5933,-154.9731,294.88,98,100,2.06,US,1712890856
83,wynyard,-41.0,145.7167,289.65,65,80,4.48,AU,1712890957
84,lebu,-37.6167,-73.65,282.93,96,1,1.64,CL,1712890897
85,huautla de jimenez,18.1315,-96.8409,283.68,85,22,1.75,MX,1712890958
86,alofi,-19.0595,-169.9187,301.09,89,75,3.09,NU,1712890697
87,vanino,49.0869,140.2543,290.89,38,48,2.14,RU,1712890958
88,porto velho,-8.7619,-63.9039,297.18,94,20,1.54,BR,1712890958
89,kailua-kona,19.6406,-155.9956,300.7,88,100,2.57,US,1712890754
90,dolores,-36.3132,-57.6792,285.02,61,100,2.54,AR,1712890958
91,tolanaro,-25.0319,46.9987,296.19,88,40,4.12,MG,1712890749
92,parras de la fuente,25.4167,-102.1833,289.25,25,96,6.77,MX,1712890959
93,alaghsas,17.0187,8.0168,301.22,10,96,3.78,NE,1712890959
94,nova sintra,14.8667,-24.7167,295.76,76,8,5.25,CV,1712890959
95,havana,23.133,-82.383,299.0,88,81,2.83,CU,1712890892
96,qaqortoq,60.7167,-46.0333,264.79,86,15,2.79,GL,1712890791
97,hamilton,39.1834,-84.5333,284.74,84,100,9.39,US,1712890890
98,port lincoln,-34.7333,135.8667,289.45,57,32,3.92,AU,1712890959
99,derzhavinsk,51.1,66.3167,276.07,61,50,5.71,KZ,1712890959
100,vorkuta,67.5,64.0,267.1,95,100,7.15,RU,1712890959
101,haiku-pauwela,20.9219,-156.3051,298.73,80,100,2.24,US,1712890960
102,gadzhiyevo,69.2551,33.3362,271.93,85,100,9.28,RU,1712890712
103,nova vicosa,-17.8919,-39.3719,299.28,81,6,3.17,BR,1712890926
104,avarua,-21.2078,-159.775,300.18,94,100,8.75,CK,1712890690
105,uturoa,-16.7333,-151.4333,302.42,75,51,8.07,PF,1712890960
106,polyarnyy,69.1989,33.4478,271.74,86,100,9.2,RU,1712890960
107,okakarara,-20.5833,17.4333,289.19,44,3,2.85,NA,1712890960
108,usogorsk,63.4106,48.6872,277.96,100,100,6.55,RU,1712890960
109,wagar,16.1525,36.2032,296.99,43,3,4.04,SD,1712890960
110,calvinia,-31.4707,19.776,283.31,50,18,3.95,ZA,1712890961
111,pimentel,-6.8367,-79.9342,297.31,73,0,6.17,PE,1712890714
112,riberalta,-10.9833,-66.1,296.14,99,100,1.88,BO,1712890961
113,arar,30.9753,41.0381,289.16,41,0,2.06,SA,1712890735
114,vadso,70.0744,29.7487,273.64,80,75,5.66,NO,1712890840
115,kittila,67.6647,24.8936,273.23,80,75,3.6,FI,1712890961
116,nguigmi,14.2495,13.1092,299.95,16,77,5.28,NE,1712890961
117,college,64.8569,-147.8028,278.75,50,75,5.14,US,1712890802
118,galle,6.0367,80.217,301.14,73,56,3.52,LK,1712890961
119,rio grande,-32.035,-52.0986,293.2,62,100,6.68,BR,1712890962
120,iskateley,67.6803,53.1512,274.83,100,100,7.6,RU,1712890706
121,bredasdorp,-34.5322,20.0403,285.54,77,35,2.92,ZA,1712890962
122,heilbad heiligenstadt,51.3833,10.1333,285.29,93,100,1.96,DE,1712890962
123,shepparton,-36.3833,145.4,292.67,44,0,1.11,AU,1712890962
124,longgang,37.6508,120.3286,289.94,48,9,5.63,CN,1712890962
125,zarechnyy,53.2036,45.1923,285.22,93,100,1.34,RU,1712890962
126,keetmanshoop,-26.5833,18.1333,291.66,34,0,5.14,NA,1712890962
127,tofol,5.3248,163.0078,298.73,90,100,6.26,FM,1712890963
128,port macquarie,-31.4333,152.9167,298.09,68,12,4.46,AU,1712890848
129,patong,7.8961,98.2966,305.23,69,89,6.76,TH,1712890885
130,ola,59.5833,151.2833,272.67,91,39,1.1,RU,1712890814
131,selfoss,63.9331,-20.9971,276.4,97,100,2.87,IS,1712890963
132,choyr,46.3611,108.3611,286.71,30,87,7.45,MN,1712890886
133,horsham,51.064,-0.3272,283.85,85,20,5.14,GB,1712890964
134,greenville,35.6127,-77.3663,295.44,92,100,8.23,US,1712890821
135,portland,45.5234,-122.6762,286.83,63,100,3.09,US,1712890351
136,barguzin,53.6167,109.6167,278.65,70,100,2.32,RU,1712890814
137,barra de santo antonio,-9.4047,-35.5072,298.75,82,5,2.16,BR,1712890833
138,fomboni,-12.28,43.7425,302.68,75,100,5.83,KM,1712890964
139,wailua homesteads,22.0669,-159.378,296.39,90,100,0.0,US,1712890964
140,east london,-33.0153,27.9116,288.45,66,68,6.29,ZA,1712890833
141,pagar alam,-4.0167,103.2667,296.41,96,100,0.43,ID,1712890964
142,alpena,45.0617,-83.4327,280.43,99,100,8.23,US,1712890964
143,la ronge,55.1001,-105.2842,275.29,69,20,3.09,CA,1712890960
144,hirara,24.8,125.2833,300.07,78,75,6.69,JP,1712890753
145,port elizabeth,-33.918,25.5701,288.31,74,100,4.63,ZA,1712890965
146,wuyang,31.9925,116.2472,293.94,74,68,2.16,CN,1712890965
147,mukalla,14.5425,49.1242,298.52,77,94,1.51,YE,1712890965
148,el granada,37.5027,-122.4694,291.19,81,0,9.77,US,1712890679
149,ribeira grande,38.5167,-28.7,289.14,94,5,2.39,PT,1712890692
150,jijel,36.8205,5.7667,282.12,93,0,1.54,DZ,1712890965
151,weno,7.4515,151.8468,304.12,79,100,4.12,FM,1712890842
152,bodaybo,57.8506,114.1933,274.1,83,99,1.28,RU,1712890965
153,battagram,34.6772,73.0233,293.01,49,84,1.47,PK,1712890965
154,whitehorse,60.7161,-135.0538,279.58,28,75,7.72,CA,1712890966
155,bonny,4.4522,7.1681,299.47,91,100,5.67,NG,1712890966
156,amahai,-3.3333,128.9167,301.85,75,29,1.36,ID,1712890966
157,kem',64.9555,34.5793,274.39,88,100,5.32,RU,1712890966
158,petrove,48.3247,33.2562,287.63,79,95,5.5,UA,1712890966
159,nago,26.5881,127.9761,298.62,67,69,1.38,JP,1712890966
160,galesong,-5.3166,119.3661,301.16,77,57,2.6,ID,1712890966
161,beau vallon,-20.4189,57.6953,298.83,94,75,4.63,MU,1712890732
162,kumagunnam,13.1551,10.6342,300.73,8,100,3.62,NG,1712890966
163,south hedland,-20.4089,118.5983,306.11,22,1,4.63,AU,1712890945
164,norderney,53.7,7.15,286.16,95,100,7.83,DE,1712890966
165,minggang,32.4586,114.0486,296.01,57,0,2.24,CN,1712890966
166,krasnyy yar,46.5331,48.3456,284.11,64,16,3.53,RU,1712890967
167,pundong,-7.9522,110.3486,303.34,70,71,3.17,ID,1712890967
168,port augusta,-32.5,137.7667,293.38,46,86,3.73,AU,1712890957
169,shenjiamen,29.9576,122.298,287.39,99,100,2.8,CN,1712890967
170,iringa,-7.7667,35.7,289.77,94,75,0.0,TZ,1712890967
171,kodiak,57.79,-152.4072,276.88,81,100,2.57,US,1712890691
172,ratnagiri,16.9833,73.3,301.54,49,10,3.8,IN,1712890967
173,niamey,13.5137,2.1098,307.31,14,0,3.6,NE,1712890967
174,ilulissat,69.2167,-51.1,263.58,96,100,2.15,GL,1712890692
175,howard springs,-12.497,131.047,303.14,77,99,4.27,AU,1712890792
176,lesogorsk,56.0458,99.5136,273.11,82,100,0.89,RU,1712890968
177,codrington,-38.2667,141.9667,289.38,54,100,4.58,AU,1712890720
178,georgievka,49.3314,81.5761,273.81,72,98,8.21,KZ,1712890968
179,stung treng,13.5259,105.9683,309.24,33,100,2.12,KH,1712890968
180,ponta delgada,37.7333,-25.6667,291.59,94,40,1.03,PT,1712890968
181,bereket,39.2446,55.5154,287.71,81,100,4.8,TM,1712890968
182,lerwick,60.1545,-1.1494,282.15,91,88,11.14,GB,1712890830
183,port hueneme,34.1478,-119.1951,296.36,86,100,3.6,US,1712890968
184,jiuquan,39.7432,98.5174,291.63,17,50,1.79,CN,1712890825
185,lihue,21.9789,-159.3672,296.73,88,100,0.0,US,1712890969
186,hithadhoo,-0.6,73.0833,301.85,73,85,3.09,MV,1712890690
187,muravlenko,63.7898,74.523,262.91,93,100,13.14,RU,1712890683
188,ust-nera,64.5667,143.2,270.8,83,67,2.9,RU,1712890815
189,tazacorte,28.629,-17.9293,296.69,35,20,4.12,ES,1712890969
190,mount pleasant,32.7941,-79.8626,294.4,81,75,4.63,US,1712890969
191,nar'yan-mar,67.6713,53.087,274.88,100,100,7.6,RU,1712890751
192,pisco,-13.7,-76.2167,295.18,83,0,3.6,PE,1712890713
193,westport,41.1415,-73.3579,290.16,91,100,6.26,US,1712890807
194,kudahuvadhoo,2.6708,72.8944,302.27,71,94,0.51,MV,1712890671
195,gaspe,48.8334,-64.4819,278.27,81,100,1.54,CA,1712890970
196,macapa,0.0389,-51.0664,299.14,94,100,3.6,BR,1712890811
197,tansen,27.8673,83.5467,298.44,12,4,1.82,NP,1712890970
198,hilo,19.7297,-155.09,295.16,99,100,3.13,US,1712890696
199,seaside,36.6111,-121.8516,289.73,76,0,3.6,US,1712890970
200,saipan,15.1355,145.701,303.54,70,40,7.72,MP,1712890694
201,bemidji,47.4736,-94.8803,281.02,74,40,2.57,US,1712890818
202,goundam,16.4145,-3.6708,302.84,11,95,7.16,ML,1712890845
203,nyagan,62.1406,65.3936,273.99,98,100,4.45,RU,1712890970
204,gizo,-8.103,156.8419,302.25,74,89,2.74,SB,1712890971
205,nerchinsk,51.9833,116.5833,284.54,43,55,3.65,RU,1712890971
206,badger,64.8,-147.5333,278.7,50,100,0.89,US,1712890971
207,lipetsk,52.6031,39.5708,288.59,74,63,2.1,RU,1712890833
208,praia da vitoria,38.7333,-27.0667,289.29,94,20,1.84,PT,1712890694
209,klyuchi,52.2667,79.1667,272.59,47,4,2.4,RU,1712890971
210,bandarbeyla,9.4942,50.8122,301.2,83,49,2.62,SO,1712890971
211,pinon hills,34.4333,-117.6467,292.78,39,0,2.62,US,1712890840
212,al kharijah,25.4514,30.5464,291.79,35,56,3.36,EG,1712890971
213,ringkobing,56.0901,8.244,283.16,100,100,7.72,DK,1712890972
214,magdagachi,53.45,125.8,274.05,97,100,4.64,RU,1712890972
215,akhmet'a,42.0311,45.2075,282.44,80,36,1.93,GE,1712890972
216,semera,11.501,41.201,299.81,57,50,1.79,ET,1712890972
217,cabo san lucas,22.8909,-109.9124,295.79,58,99,0.89,MX,1712890763
218,kibondo,-3.5864,30.7203,288.93,96,97,0.33,TZ,1712890972
219,papao,-17.75,-149.55,301.97,85,100,9.91,PF,1712890816
220,masterton,-40.9597,175.6575,291.97,97,100,1.33,NZ,1712890729
221,manismata,-2.4667,111.0333,302.28,84,33,1.04,ID,1712890972
222,kitimat,54.0524,-128.6534,282.36,86,75,2.24,CA,1712890937
223,kayangel,8.0823,134.7173,301.37,78,99,4.42,PW,1712890972
224,isola di capo rizzuto,38.96,17.0933,288.09,76,95,5.77,IT,1712890973
225,smithers,54.7804,-127.1743,279.33,75,40,2.06,CA,1712890964
226,new plymouth,-39.0667,174.0833,291.38,95,64,3.71,NZ,1712890768
227,nieuw amsterdam,5.8833,-55.0833,298.24,86,33,4.01,SR,1712890973
228,lazaro cardenas,17.9583,-102.2,296.82,83,7,1.28,MX,1712890925
229,malanje,-9.5402,16.341,292.06,99,99,1.93,AO,1712890973
230,zhezqazghan,47.7833,67.7667,272.47,80,0,6.0,KZ,1712890973
231,dalandzadgad,43.5708,104.425,288.11,26,42,11.77,MN,1712890973
232,tangalle,6.024,80.7911,301.24,73,95,4.87,LK,1712890713
233,lorengau,-2.0226,147.2712,301.53,76,93,1.89,PG,1712890712
234,mahdishahr,35.7108,53.3556,279.31,61,89,4.53,IR,1712890974
235,marsh harbour,26.5412,-77.0636,297.15,90,66,8.71,BS,1712890828
236,keflavik,64.0049,-22.5624,276.41,100,75,5.66,IS,1712890874
237,margate,51.3813,1.3862,284.43,86,94,3.58,GB,1712890755
238,whangarei,-35.7317,174.3239,298.48,42,10,2.46,NZ,1712890813
239,sarande,39.8756,20.0053,292.46,54,0,1.52,AL,1712890974
240,san pedro pochutla,15.7333,-96.4667,299.5,78,100,1.69,MX,1712890974
241,loreto,22.2667,-101.9667,287.13,50,65,10.71,MX,1712890975
242,sitka,57.0531,-135.33,281.09,57,40,5.66,US,1712890738
243,wasilkow,53.1991,23.2078,282.69,74,93,1.79,PL,1712890975
244,el jadid,33.2549,-8.506,291.16,78,48,5.94,MA,1712890849
245,macatuba,-22.5022,-48.7114,297.67,83,100,4.61,BR,1712890975
246,geraldton,-28.7667,114.6,299.38,44,4,5.14,AU,1712890955
247,arraial do cabo,-22.9661,-42.0278,298.0,85,40,2.09,BR,1712890975
248,khvansar,33.2205,50.315,276.44,76,12,1.51,IR,1712890975
249,noosa heads,-26.3833,153.15,299.45,67,16,7.12,AU,1712890975
250,labrador city,52.9463,-66.9114,276.1,58,100,6.17,CA,1712890694
251,isangel,-19.55,169.2667,301.21,83,75,3.09,VU,1712890932
252,minas de marcona,-15.2119,-75.1103,290.49,79,100,3.94,PE,1712890819
253,ad dabbah,18.05,30.95,294.53,20,4,4.46,SD,1712890976
254,sirre,8.3167,39.4833,290.98,69,68,2.49,ET,1712890976
255,monmouth,40.3001,-74.1663,291.53,85,100,6.69,US,1712890736
256,ormara,25.2088,64.6357,299.06,80,9,0.88,PK,1712890935
257,chibougamau,49.9168,-74.3659,277.94,93,75,3.09,CA,1712890943
258,tullamore,53.2739,-7.4889,285.1,94,100,2.8,IE,1712890976
259,cadale,2.7603,46.3222,301.7,72,85,4.0,SO,1712890976
260,buka,40.8108,69.1986,290.32,68,100,2.07,UZ,1712890694
261,hyesan,41.4017,128.1778,290.87,45,51,1.78,KP,1712890976
262,magistral'nyy,56.1725,107.4458,275.02,77,100,1.78,RU,1712890976
263,kingston,17.997,-76.7936,301.68,74,20,7.2,JM,1712890713
264,ust'-ilimsk,58.0006,102.6619,271.73,73,100,1.34,RU,1712890726
265,aral,40.5156,81.2636,293.32,13,60,4.44,CN,1712890977
266,karratha,-20.7377,116.8463,303.47,49,0,4.6,AU,1712890977
267,grand-lahou,5.1367,-5.0242,298.57,86,96,0.94,CI,1712890977
268,blagoveshchenka,52.8333,79.8667,272.66,46,0,2.88,RU,1712890977
269,tommot,58.9564,126.2925,272.59,93,100,4.16,RU,1712890977
270,nagqu,31.5,92.0,275.6,23,100,7.37,CN,1712890977
271,veraval,20.9,70.3667,298.98,74,3,2.07,IN,1712890977
272,nanning,22.8167,108.3167,299.4,76,100,4.95,CN,1712890977
273,puerto deseado,-47.7503,-65.8938,283.28,60,0,5.78,AR,1712890776
274,hammerfest,70.6634,23.6821,273.4,86,100,4.63,NO,1712890719
275,tura,25.5198,90.2201,306.88,23,2,1.0,IN,1712890691
276,segezha,63.7415,34.3222,274.94,93,100,3.96,RU,1712890978
277,severo-yeniseyskiy,60.3725,93.0408,261.83,82,100,2.09,RU,1712890830
278,kristiansund,63.1115,7.732,282.51,61,46,1.54,NO,1712890746
279,kone,-21.0595,164.8658,297.12,81,100,0.55,NC,1712890978
280,bandundu,-3.3167,17.3667,297.97,81,84,1.08,CD,1712890978
281,kokkola,63.8385,23.1307,274.84,90,0,2.06,FI,1712890978
282,mount pearl,47.5166,-52.7813,274.34,79,0,8.75,CA,1712890978
283,puerto aysen,-45.4,-72.7,276.43,91,4,0.38,CL,1712890725
284,dryden,49.7833,-92.7503,278.31,87,75,2.06,CA,1712890837
285,ambon,-3.6954,128.1814,303.23,70,40,1.54,ID,1712890732
286,champerico,14.3,-91.9167,302.25,75,56,1.34,GT,1712890979
287,karmaskaly,54.3709,56.1837,284.1,85,100,6.86,RU,1712890979
288,i-n-salah,27.1935,2.4607,291.89,32,0,5.19,DZ,1712890979
289,correia pinto,-27.5847,-50.3611,289.92,99,96,2.24,BR,1712890979
290,kodinsk,58.6881,99.1844,271.17,89,100,1.01,RU,1712890979
291,mount isa,-20.7333,139.5,301.02,24,2,4.12,AU,1712890880
292,kirensk,57.7853,108.1119,270.91,82,99,2.24,RU,1712890722
293,west view,40.5223,-80.0342,288.69,97,100,1.54,US,1712890809
294,skelleftea,64.7507,20.9528,275.37,82,100,5.14,SE,1712890979
295,taltal,-25.4,-70.4833,291.21,80,33,1.72,CL,1712890979
296,raikot,30.65,75.6,304.01,15,62,1.43,IN,1712890980
297,gummi,12.1436,5.1081,304.1,10,95,2.18,NG,1712890980
298,luna,10.9667,123.2333,302.94,68,99,5.34,PH,1712890980
299,taoudenni,22.6783,-3.9836,298.85,12,0,7.22,ML,1712890980
300,amarante do maranhao,-5.5667,-46.7422,296.11,98,46,1.17,BR,1712890980
301,argo,37.6333,22.7333,290.24,47,85,3.42,GR,1712890739
302,cerro largo,-28.1486,-54.7381,291.83,95,99,4.14,BR,1712890980
303,grass valley,39.2191,-121.0611,294.41,62,0,0.0,US,1712890771
304,kourou,5.1552,-52.6478,300.18,94,63,2.39,GF,1712890806
305,pacocha,-17.5833,-71.3333,293.67,90,94,1.24,PE,1712890981
306,yemetsk,63.4721,41.7941,276.08,85,100,4.78,RU,1712890981
307,chonchi,-42.6128,-73.8092,279.88,72,0,0.8,CL,1712890981
308,ebon,4.582,168.6964,300.44,84,100,5.49,MH,1712890981
309,kerikeri,-35.2268,173.9474,296.99,73,0,3.67,NZ,1712890981
310,pemangkat,1.1667,108.9667,302.48,71,100,0.95,ID,1712890981
311,st. john's,47.5649,-52.7093,274.8,78,0,8.75,CA,1712890812
312,kismayo,-0.3582,42.5454,301.91,76,80,3.36,SO,1712890833
313,hasaki,35.7333,140.8333,291.09,82,100,4.4,JP,1712890701
314,manokwari,-0.8667,134.0833,302.52,68,73,3.37,ID,1712890982
315,betheny,49.285,4.055,285.15,100,100,1.54,FR,1712890982
316,north battleford,52.7834,-108.2847,279.2,42,0,4.63,CA,1712890813
317,montepuez,-13.1256,38.9997,294.54,98,100,3.31,MZ,1712890982
318,bhainsdehi,21.6467,77.6325,299.9,38,99,2.77,IN,1712890982
319,andergrove,-21.0833,149.1833,301.29,62,100,7.54,AU,1712890982
320,saint-joseph,-21.3667,55.6167,298.36,83,86,0.17,RE,1712890983
321,vilhena,-12.7406,-60.1458,294.7,99,100,1.82,BR,1712890983
322,acapulco de juarez,16.8634,-99.8901,296.49,78,0,1.55,MX,1712890936
323,alsunga,56.9819,21.5594,279.95,93,0,5.73,LV,1712890983
324,sindhnur,15.7833,76.7667,303.33,50,40,6.4,IN,1712890983
325,rusera,25.75,86.0333,304.48,21,5,2.85,IN,1712890983
326,tralee,52.2704,-9.7026,284.33,98,100,2.38,IE,1712890718
327,la sarre,48.8002,-79.1996,280.51,93,100,5.89,CA,1712890940
328,sangola,17.4333,75.2,302.86,41,99,4.43,IN,1712890984
329,sur,22.5667,59.5289,303.17,50,97,0.87,OM,1712890825
330,pimenta bueno,-11.6725,-61.1936,296.32,96,100,1.88,BR,1712890984
331,guiberoua,6.2392,-6.1727,296.08,90,98,0.74,CI,1712890984
332,dakhla,23.6848,-15.958,292.37,79,0,1.87,EH,1712890984
333,qamdo,31.1667,97.2333,276.68,35,8,3.07,CN,1712890984
334,caransebes,45.4167,22.2167,286.14,91,30,0.86,RO,1712890984
335,gangapur,26.4833,76.7167,304.17,25,100,3.23,IN,1712890984
336,trincomalee,8.5711,81.2335,302.14,76,27,4.44,LK,1712890985
337,ciudad general teran,25.2667,-99.6833,294.86,26,3,5.67,MX,1712890875
338,dongcun,36.7767,121.1597,289.19,68,100,4.78,CN,1712890985
339,pont rouge,48.8833,-72.0825,279.21,92,100,5.99,CA,1712890985
340,guiset east,16.0667,120.6833,308.05,39,99,3.2,PH,1712890985
341,chantada,42.6088,-7.7712,285.2,95,32,0.61,ES,1712890986
342,santana do livramento,-30.8908,-55.5328,289.57,72,100,5.62,BR,1712890986
343,ghat,24.9647,10.1728,293.89,31,21,5.12,LY,1712890938
344,vernon,50.2581,-119.2691,286.35,61,100,1.03,CA,1712890986
345,defiance,41.3334,-84.45,282.29,90,100,7.89,US,1712890986
346,quellon,-43.1167,-73.6167,281.74,76,0,2.53,CL,1712890720
347,utrik,11.2278,169.8474,299.86,74,100,8.61,MH,1712890986
348,santiago de cao,-7.9589,-79.2392,295.22,83,75,4.12,PE,1712890986
349,luderitz,-26.6481,15.1594,296.39,39,0,3.46,NA,1712890986
350,jacobabad,28.281,68.4388,304.23,17,100,7.05,PK,1712890987
351,san antonio de pale,-1.4014,5.6325,301.15,77,100,4.05,GQ,1712890733
352,mugia,43.1041,-9.2179,285.88,73,16,1.47,ES,1712890987
353,san felipe,10.3399,-68.7425,296.04,87,35,3.28,VE,1712890799
354,forster,-32.1667,152.5167,296.69,69,7,3.88,AU,1712890987
355,ghorawal,24.7667,82.7833,304.26,29,100,3.71,IN,1712890988
356,zuyevka,58.405,51.1335,278.58,88,100,5.3,RU,1712890988
357,fort bragg,35.139,-79.006,294.9,84,75,6.17,US,1712890806
358,yorkton,51.2167,-102.4677,277.06,75,75,2.06,CA,1712890814
359,lensk,60.7253,114.9278,263.22,75,100,1.88,RU,1712890988
360,puerto penasco,31.3167,-113.5333,296.29,43,65,2.0,MX,1712890843
361,itacarambi,-15.1022,-44.0919,297.61,70,93,1.84,BR,1712890988
362,bonanza,14.0289,-84.591,295.48,85,41,0.32,NI,1712890825
363,kashgar,39.4547,75.9797,290.71,13,0,2.0,CN,1712890989
364,saint-leu,-21.15,55.2833,298.63,80,87,1.35,RE,1712890989
365,suomussalmi,64.8869,28.9078,273.3,97,100,3.02,FI,1712890989
366,zyryanskoye,56.8306,86.6258,267.55,63,75,3.5,RU,1712890989
367,kachia,9.8667,7.95,300.0,16,100,1.17,NG,1712890989
368,sisimiut,66.9395,-53.6735,267.38,90,96,3.03,GL,1712890703
369,sorong,-0.8833,131.25,302.26,71,61,3.9,ID,1712890817
370,jindabyne,-36.4167,148.6333,290.14,62,0,1.79,AU,1712890989
371,al qusayr,34.5091,36.5798,285.67,88,0,0.92,SY,1712890989
372,eidson road,28.6772,-100.487,296.57,23,5,5.12,US,1712890989
373,alexandroupoli,40.8475,25.8744,289.44,76,0,0.0,GR,1712890990
374,ugoofaaru,5.6667,73.0,302.52,74,28,2.08,MV,1712890990
375,chinde,26.8418,88.0763,297.63,27,5,2.9,NP,1712890990
376,necochea,-38.5473,-58.7368,282.07,75,99,3.34,AR,1712890990
377,pakxan,18.3778,103.6601,308.31,42,18,2.01,LA,1712890991
378,saint croix,17.7397,-64.7388,298.13,86,100,3.58,VI,1712890991
379,wisconsin rapids,44.3836,-89.8174,283.31,92,20,0.0,US,1712890991
380,saint-philippe,-21.3585,55.7679,298.92,84,80,1.14,RE,1712890836
381,howrah,22.5892,88.3103,302.15,54,40,0.0,IN,1712890991
382,angaur state,6.906,134.13,301.36,75,100,5.24,PW,1712890991
383,lompoc,34.6391,-120.4579,292.05,94,40,2.57,US,1712890992
384,salym,60.0625,71.4789,269.71,94,100,7.35,RU,1712890992
385,panadura,6.7132,79.9026,301.78,76,17,2.65,LK,1712890992
386,badin,24.656,68.8384,300.95,50,1,2.66,PK,1712890992
387,kathu,7.9178,98.3332,305.05,69,88,6.78,TH,1712890992
388,fada,9.5667,8.3,298.99,22,100,1.41,NG,1712890992
389,nuuk,64.1835,-51.7216,269.49,86,75,2.57,GL,1712890863
390,eggenstein-leopoldshafen,49.0953,8.3906,282.73,73,58,1.4,DE,1712890992
391,san-pedro,4.7485,-6.6363,297.99,92,100,1.67,CI,1712890992
392,antsiranana,-12.2787,49.2917,297.71,93,40,2.03,MG,1712890992
393,mckenzie,47.7084,-103.4477,281.05,56,20,0.0,US,1712890993
394,remire-montjoly,4.9167,-52.2667,300.17,94,75,3.6,GF,1712890697
395,czarna bialostocka,53.3051,23.2815,282.49,75,95,3.27,PL,1712890993
396,lithgow,-33.4833,150.15,290.73,40,0,1.64,AU,1712890993
397,terdal,16.5,75.05,302.78,47,95,4.81,IN,1712890993
398,el calafate,-50.3408,-72.2768,278.92,61,33,1.65,AR,1712890993
399,larache,35.1932,-6.1557,288.39,63,15,2.34,MA,1712890993
400,hauterive,46.0901,3.4459,280.37,88,71,1.45,FR,1712890993
401,axim,4.8699,-2.2405,299.42,85,99,1.89,GH,1712890879
402,strezhevoy,60.7333,77.5889,259.24,83,96,4.92,RU,1712890727
403,hobyo,5.3505,48.5268,301.7,77,20,3.86,SO,1712890994
404,izazi,-7.2,35.7333,294.49,91,88,0.67,TZ,1712890994
405,el porvenir,13.7617,-87.3458,301.78,48,97,0.38,HN,1712890994
406,lingdong,46.5669,131.1453,292.89,41,96,5.36,CN,1712890994
407,cloquet,46.7216,-92.4594,281.92,69,0,3.09,US,1712890850
408,palafrugell,41.9174,3.1631,284.52,43,0,2.26,ES,1712890994
409,lao cai,22.4833,103.95,304.69,56,100,1.63,VN,1712890994
410,springs,-26.25,28.4,285.57,96,2,2.6,ZA,1712890809
411,suoyarvi,62.0833,32.35,274.47,99,100,2.21,RU,1712890994
412,machagai,-26.9261,-60.0496,290.39,95,100,2.96,AR,1712890994
413,akureyri,65.6835,-18.0878,274.11,86,75,4.63,IS,1712890994
414,ofunato,39.0717,141.7167,285.74,79,99,2.37,JP,1712890995
415,pacific grove,36.6177,-121.9166,290.59,75,0,2.57,US,1712890725
416,nuku'alofa,-21.1333,-175.2,302.34,74,20,3.6,TO,1712890836
417,colonia,50.9333,6.95,287.51,94,75,2.57,DE,1712890699
418,as samawah,31.332,45.2944,294.56,42,0,3.62,IQ,1712890995
419,holualoa,19.6228,-155.9522,298.63,88,100,2.26,US,1712890796
420,mumford,5.2618,-0.759,300.85,81,100,1.39,GH,1712890995
421,castillos,-34.1667,-53.8333,289.88,55,87,2.74,UY,1712890995
422,leirvik,59.7798,5.5005,281.96,85,100,5.96,NO,1712890995
423,port-vila,-17.7338,168.3219,303.93,70,75,4.12,VU,1712890875
424,sault ste. marie,46.5168,-84.3333,282.31,87,100,4.12,CA,1712890742
425,sutysky,49.0425,28.4173,282.78,77,7,2.99,UA,1712890996
426,agat village,13.3886,144.6585,304.67,75,40,6.69,GU,1712890819
427,coxen hole,16.3244,-86.5366,299.75,89,20,1.03,HN,1712890816
428,monte alegre de minas,-18.8706,-48.8808,295.4,85,100,1.14,BR,1712890919
429,phanat nikhom,13.4458,101.1844,308.93,77,99,3.49,TH,1712890996
430,carnarvon,-24.8667,113.6333,298.85,46,0,3.79,AU,1712890734
431,manaure,11.7751,-72.4445,300.06,73,35,6.29,CO,1712890997
432,bonne terre,37.9231,-90.5554,286.58,63,3,5.39,US,1712890997
433,nema,57.5067,50.5011,278.28,89,40,4.0,RU,1712890997
434,aipe,3.2222,-75.2367,304.59,54,100,0.56,CO,1712890997
435,qashar,53.3906,62.9297,278.03,74,100,9.04,KZ,1712890997
436,matoury,4.8483,-52.3317,300.13,94,75,3.6,GF,1712890997
437,east foothills,37.3811,-121.8175,291.84,57,0,4.12,US,1712890997
438,kulhudhuffushi,6.6221,73.07,302.74,74,83,4.08,MV,1712890997
439,fortuna,40.5982,-124.1573,284.22,85,100,3.6,US,1712890816
440,arbroath,56.5632,-2.5874,285.14,89,94,5.52,GB,1712890997
441,meadowbrook,33.4021,-86.6966,285.91,96,50,0.89,US,1712890875
442,igarka,67.4667,86.5833,252.05,94,74,4.47,RU,1712890998
443,ravar,31.2656,56.8055,290.55,29,0,3.21,IR,1712890998
444,cochin,9.9399,76.2602,304.27,70,25,2.24,IN,1712890998
445,chukhloma,58.7525,42.6825,279.31,77,99,4.47,RU,1712890998
446,beyneu,45.3167,55.2,282.57,55,5,6.19,KZ,1712890998
447,timimoun,29.2639,0.231,289.36,14,0,2.57,DZ,1712890735
448,dogubayazit,39.5469,44.0842,278.79,90,71,1.27,TR,1712890998
449,hadibu,12.65,54.0333,300.48,76,47,2.02,YE,1712890999
450,urangan,-25.3,152.9,298.82,70,1,4.47,AU,1712890999
451,uliastay,47.7417,96.8444,279.55,44,100,2.39,MN,1712890999
452,simsbury center,41.8809,-72.8112,289.62,97,100,5.14,US,1712890999
453,selkirk,50.1436,-96.8845,280.19,75,73,1.34,CA,1712890999
454,peace river,56.2501,-117.286,285.32,32,100,3.09,CA,1712890814
455,fort mcmurray,56.7268,-111.381,284.92,30,100,4.12,CA,1712890793
456,quiberon,47.4841,-3.1196,284.09,80,100,2.63,FR,1712890999
457,port loko,8.7667,-12.7833,298.17,76,13,1.29,SL,1712890999
458,constitucion,-35.3333,-72.4167,283.8,88,79,1.84,CL,1712890703
459,yamada,39.4667,141.95,286.89,68,97,4.79,JP,1712890999
460,kuressaare,58.2481,22.5039,282.12,90,2,4.12,EE,1712890999
461,berezovyy,51.6667,135.7,288.1,25,28,2.61,RU,1712891000
462,amga,60.8953,131.9608,273.66,99,100,3.63,RU,1712891000
463,hampton bays,40.869,-72.5176,288.36,96,100,11.18,US,1712891000
464,ceerigaabo,10.6162,47.368,290.92,68,27,2.1,SO,1712891000
465,tucurui,-3.7661,-49.6725,297.23,97,100,1.17,BR,1712891000
466,shakhtersk,48.0625,38.5167,287.97,57,0,1.56,UA,1712891000
467,ilanskiy,56.2358,96.065,271.77,55,100,3.19,RU,1712891000
468,pizarro,4.9533,-77.366,299.35,87,73,1.32,CO,1712891001
469,graaff-reinet,-32.2522,24.5308,281.26,83,0,0.25,ZA,1712891001
470,sanctuary point,-35.1114,150.629,295.36,60,3,4.43,AU,1712891001
471,zhashkiv,49.2454,30.1102,283.21,74,30,3.29,UA,1712891001
472,jayapura,-2.5333,140.7,305.81,80,81,2.48,ID,1712891001
473,pogar,52.554,33.2591,281.3,70,85,2.92,RU,1712891001
474,okhotsk,59.3833,143.3,271.88,93,61,1.04,RU,1712891001
475,santa elena de uairen,4.6167,-61.1333,295.66,72,100,2.11,VE,1712891001
476,olyokminsk,60.3736,120.4264,267.93,60,100,2.77,RU,1712891002
477,port douglas,-16.4833,145.4667,300.09,65,62,5.1,AU,1712891002
478,lagoa,39.05,-27.9833,288.54,90,2,2.64,PT,1712890748
479,san jose de jachal,-30.2406,-68.7469,283.47,70,100,1.7,AR,1712891002
480,whitby,54.4877,-0.615,286.66,78,100,3.13,GB,1712891002
481,farafangana,-22.8167,47.8333,296.26,93,100,3.06,MG,1712890937
482,tarfaya,27.9358,-12.9218,292.41,80,0,6.74,MA,1712891002
483,maintirano,-18.0667,44.0167,299.47,84,100,6.05,MG,1712891002
484,crane,31.3974,-102.3501,294.11,19,0,5.9,US,1712890829
485,nogliki,51.8333,143.1667,276.67,88,12,5.36,RU,1712890836
486,yuncheng,35.0231,110.9928,297.77,41,0,0.86,CN,1712891003
487,itoman,26.1247,127.6694,298.58,66,20,5.14,JP,1712891003
488,san luis,-33.295,-66.3356,283.34,93,100,0.49,AR,1712890898
489,piacabucu,-10.4056,-36.4344,299.57,84,6,2.76,BR,1712891003
490,mibu,36.4167,139.8,292.49,44,63,1.65,JP,1712891003
491,bahia de kino,28.8333,-111.9333,296.44,39,100,3.28,MX,1712890808
492,broken hill,-31.95,141.4333,291.44,40,78,3.74,AU,1712891000
493,swift current,50.2834,-107.8014,280.6,31,0,3.6,CA,1712890815
494,sayat,38.7839,63.8803,290.08,47,95,5.39,TM,1712891003
495,buala,-8.145,159.5921,303.46,66,83,2.44,SB,1712891004
496,ulysses,37.5814,-101.3552,283.91,46,0,4.12,US,1712890904
497,conception bay south,47.4999,-52.9981,274.67,81,8,4.96,CA,1712891004
498,palikir - national government center,6.9248,158.1611,304.56,74,100,2.06,FM,1712890809
499,rongelap,11.1635,166.8941,299.89,75,100,8.6,MH,1712891004
500,labytnangi,66.6572,66.4183,266.69,95,100,3.46,RU,1712891004
501,eceabat,40.1842,26.3574,285.13,87,0,2.57,TR,1712891004
502,djougou,9.7085,1.666,300.69,61,100,2.34,BJ,1712891004
503,tamanrasset,22.785,5.5228,288.1,11,0,1.03,DZ,1712890797
504,pontes e lacerda,-15.2261,-59.3353,296.81,96,100,1.15,BR,1712891004
505,oranjemund,-28.55,16.4333,296.32,33,17,6.35,NA,1712891005
506,callao,-12.0667,-77.15,298.55,78,20,4.63,PE,1712890806
507,santana,-0.0583,-51.1817,299.25,94,100,3.6,BR,1712890797
508,burang,30.25,81.1667,267.43,81,62,1.12,CN,1712891005
509,oltinko'l,40.8011,72.1634,293.12,34,100,1.71,UZ,1712890737
510,vega de alatorre,20.0333,-96.6333,295.0,70,0,1.43,MX,1712891005
511,bontang,0.1333,117.5,301.68,73,100,4.58,ID,1712891005
512,hami,42.8,93.45,292.81,23,55,4.83,CN,1712891005
513,flying fish cove,-10.4217,105.6791,301.97,78,100,4.63,CX,1712891005
514,jaicos,-7.3592,-41.1378,296.49,86,44,1.54,BR,1712891005
515,sao paulo de olivenca,-3.3783,-68.8725,297.13,98,100,0.51,BR,1712891006
516,sao vicente,-23.9631,-46.3919,298.86,26,100,1.0,BR,1712890905
517,poronaysk,49.2167,143.1167,286.46,42,2,5.43,RU,1712891006
518,kapa'a,22.0752,-159.319,297.14,90,100,0.0,US,1712890794
519,trujillo,-8.116,-79.03,295.13,83,75,4.12,PE,1712891006
520,bubaque,11.2833,-15.8333,297.34,69,1,7.38,GW,1712890742
521,impfondo,1.6381,18.0667,295.5,96,100,1.18,CG,1712891006
522,progreso,21.2833,-89.6667,298.13,66,31,5.95,MX,1712891006
523,coquimbo,-29.9533,-71.3436,287.0,88,100,2.06,CL,1712890921
524,palmer,42.1584,-72.3287,288.99,82,100,4.63,US,1712891007
525,dubovka,49.0583,44.829,287.68,65,0,6.4,RU,1712891007
526,isla mujeres,21.2311,-86.731,294.91,71,91,5.39,MX,1712891007
527,maragogi,-9.0122,-35.2225,299.16,86,9,1.33,BR,1712890912
528,kapoeta,4.7717,33.5903,300.28,59,90,6.08,SS,1712891007
529,gebeit,21.0667,36.3167,290.56,49,15,1.37,SD,1712891007
530,kwang binh,17.4833,106.6,302.05,68,5,3.92,VN,1712891007
531,noshiro,40.2039,140.0242,290.61,52,93,2.29,JP,1712890893
532,tianpeng,30.9866,103.9393,296.41,56,95,1.86,CN,1712891008
533,inhambane,-23.865,35.3833,293.75,74,85,5.29,MZ,1712891008
534,mbandaka,0.0487,18.2603,295.75,93,100,1.77,CD,1712891008
535,kharkhorin,47.1975,102.8238,283.45,28,81,2.88,MN,1712891008
536,tuy hoa,13.0833,109.3,304.31,60,96,3.8,VN,1712891008
537,ouadda,8.0777,22.4007,295.94,20,90,2.05,CF,1712891008
538,touros,-5.1989,-35.4608,299.23,89,97,2.54,BR,1712891008
539,ketchikan,55.3422,-131.6461,280.14,92,78,2.16,US,1712890831
540,tosagua,-0.7833,-80.25,298.28,86,64,1.18,EC,1712891008
541,ivins,37.1686,-113.6794,295.77,24,3,0.89,US,1712891009
542,ciudad acuna,29.3232,-100.9522,299.31,17,0,3.6,MX,1712891009
543,clinton,42.587,-82.9199,283.16,92,100,3.6,US,1712890546
544,arkhangel'sk,64.5401,40.5433,276.21,75,40,8.0,RU,1712890829
545,onguday,50.75,86.15,270.36,80,100,2.78,RU,1712891009
546,seminole,28.7086,-81.2081,295.22,79,20,6.17,US,1712890871
547,san juan de uraba,8.7592,-76.5297,300.74,84,21,3.89,CO,1712890823
548,strelka,58.0728,93.0344,267.94,69,100,3.09,RU,1712891009
549,sao gabriel da cachoeira,-0.1303,-67.0892,297.54,96,34,0.96,BR,1712890716
550,quartu sant'elena,39.2419,9.1839,283.73,73,71,2.57,IT,1712891009
551,mejit,10.2753,170.8646,299.81,78,100,9.04,MH,1712890812
552,korsholm,63.1142,21.6822,275.37,94,0,3.58,FI,1712890855
553,stony plain,53.5334,-114.0021,284.88,37,20,2.57,CA,1712890809
554,tonder,54.9331,8.8667,285.12,93,100,5.16,DK,1712891010
555,yanchep,-31.55,115.6833,300.16,40,9,1.27,AU,1712891010
556,tarnogskiy gorodok,60.4997,43.5761,278.62,70,100,5.18,RU,1712891010
557,padang,-0.9492,100.3543,304.18,74,41,2.34,ID,1712891010
558,ravenna,44.4167,11.9833,289.6,82,0,3.21,IT,1712890898
559,alo,7.4178,6.7371,300.96,79,100,3.21,NG,1712891010
560,pernik,42.6,23.0333,281.19,67,2,1.35,BG,1712891010
561,loches,47.1333,1.0,282.34,89,36,0.61,FR,1712891011
562,chui,-33.6971,-53.4616,289.63,64,38,3.13,UY,1712891011
563,balcesti,44.6167,23.95,283.77,43,2,1.48,RO,1712891011
564,sunnyside,46.3237,-120.0087,290.75,47,0,0.0,US,1712890972
565,port moresby,-9.4431,147.1797,303.83,66,40,5.14,PG,1712891011
566,sakaiminato,35.55,133.2333,295.14,46,40,3.6,JP,1712891011
567,pachperwa,27.5167,82.65,303.76,11,6,4.12,IN,1712891011
568,baniyas,35.1819,35.9487,289.48,81,0,1.63,SY,1712891011
569,nelamangala,13.1022,77.39,296.26,56,26,5.29,IN,1712891012
570,puerto armuelles,8.2833,-82.8667,303.24,71,99,1.34,PA,1712890818
571,pariaman,-0.619,100.12,304.18,68,44,2.19,ID,1712891012
572,raposa,-6.5167,-44.1833,294.95,94,6,1.24,BR,1712891012
573,jahanabad,25.2167,84.9833,301.06,23,9,3.6,IN,1712891012
574,ubari,26.5921,12.7805,293.99,16,3,6.05,LY,1712890816
575,palangkaraya,-2.2,113.8333,305.07,61,100,1.27,ID,1712890743
576,zav'yalovo,56.7847,53.3776,280.57,95,56,4.02,RU,1712891012
577,comodoro rivadavia,-45.8667,-67.5,279.07,61,0,3.09,AR,1712891012
578,kavaratti,10.5669,72.642,302.29,70,30,3.71,IN,1712890808
579,mwinilunga,-11.7358,24.4293,290.23,98,100,1.34,ZM,1712891013
580,mossel bay,-34.1831,22.146,287.61,70,10,1.66,ZA,1712891013
581,nyaunglebin,17.95,96.7333,308.21,40,16,3.05,MM,1712890800
582,thief river falls,48.1191,-96.1812,279.11,75,0,5.14,US,1712891013
583,nemuro,43.3236,145.575,278.58,93,100,7.11,JP,1712891013
584,preobrazheniye,42.9019,133.9064,286.09,66,2,3.19,RU,1712891013
585,serhiyivka,46.0272,30.3768,287.56,78,11,7.4,UA,1712891013
586,al mijlad,11.0333,27.7333,298.08,13,57,5.57,SD,1712891013
587,novoul'yanovsk,54.1496,48.3891,286.62,92,100,1.5,RU,1712891013
